citation_key,year,source_type,method_area,clinical_or_engineering_problem,imaging_modality,anatomical_scope,method,measurement,validation_type,important_findings,limitations,relevant_neurovasc_component,neurovasc_current_status,implementation_decision,validation_evidence,notes
yang2026topcow,2026,peer-reviewed benchmark,Anatomical segmentation/topology,Preserve vessel identity and connections,CTA; MRA,Circle of Willis,Multiclass topology-aware benchmark,Segmentation and anatomical topology,External challenge evaluation,Anatomy-aware evaluation extends beyond overlap,External participants and downstream studies do not validate NeuroVasc,neurovasc/segmentation/labels.py; neurovasc/graph/topology_network.py,production labels; experimental topology,NV-METHOD-001; NV-METHOD-002,docs/validation/topology_validation_v1.md; docs/validation/topology_validation_v2.md,Metadata/abstract verified; 2026 journal report distinct from 2023 preprint
yang2023topcow,2023,preprint / challenge report,Anatomical labels,Retain anatomical identity in segmentation inputs,CTA; MRA,Circle of Willis,Initial TopCoW challenge,Multiclass and topology-aware evaluation,External challenge benchmark,Provides original challenge context for multiclass labels,Preprint v1; not independent evidence from later journal report,neurovasc/segmentation/labels.py,production labels; provenance verified for local example,NV-METHOD-002,DATA_SOURCES.md; no clinical label-accuracy validation,13 possible named classes in local mapping includes optional label 15; Case 001 has 12
shit2021cldice,2021,peer-reviewed methodology / conference,Topology-aware segmentation metrics,Overlap alone can miss broken tubular connections,Multiple image domains,Tubular structures,Skeleton-mask similarity and soft loss,clDice,Theory and external segmentation benchmarks,Connectivity-sensitive segmentation comparison,Theorem assumptions; metric is not anatomical branch identity,validation/synthetic_topology/evaluate.py; proposed segmentation evaluation,validation-only structural metrics; future work clDice,NV-METHOD-005,docs/validation/topology_validation_v1.md; clDice not implemented,CVF authors/title and IEEE DOI verified; no clinical claim
ayre2022cow,2022,systematic review,Anatomical variation,Avoid a fixed universal CoW model,Anatomical and imaging literature,Human Circle of Willis,Classification synthesis,Variant configurations,External systematic review,82 configurations including absent/hypoplastic/accessory segments,Anatomical diversity does not validate an automatic classifier,neurovasc/segmentation/labels.py; neurovasc/graph/topology_network.py,production labels; experimental networks; future work variant classification,NV-METHOD-001; NV-METHOD-002,docs/validation/topology_validation_v1.md; no clinical variant validation,Correct authorship Ayre et al.; online 2021 / issue 2022
lee1994thinning,1994,peer-reviewed methodology,Voxel skeletonization,Extract a compact representation of binary objects,Binary 3D images,General objects,Medial surface/axis thinning,Skeleton,Algorithmic methodology,Established thinning-method precedent,Does not certify physical medial accuracy on every anisotropic vascular mask,neurovasc/geometry/centerline.py,production,NV-METHOD-003,docs/validation/centerline_validation_v1.md; docs/validation/centerline_validation_v2.md,Local Lee empty-skeleton failures remain explicit
skimageSkeletonize,,official API documentation,Skeleton implementation,Identify the actual production algorithm,Binary 2D/3D images,General objects,skeletonize method lee,Skeleton voxels,Software definition; not clinical validation,Documents Lee implementation used locally,Spacing-aware coordinates do not make thinning spacing-aware,neurovasc/geometry/centerline.py,production,NV-METHOD-003,docs/validation/centerline_validation_v1.md,Accessed 2026-09-28; publication year not inferred; see references.bib
antiga2003geometry,2003,peer-reviewed methodology,Surface geometry/centerlines,Reconstruct and mesh vascular geometry,MR angiography; CT angiography,Blood vessels,Computational geometry,Vascular geometry,External method study,Surface-based vascular reconstruction precedent,Different representation from a foreground-voxel geodesic tree,neurovasc/geometry/geodesic_centerline.py; external/vmtk/,production baselines unchanged; experimental standalone VMTK comparison executed,NV-METHOD-004; NV-METHOD-012,docs/validation/centerline_validation_v1.md; docs/validation/external_methods_benchmark_v1.md,Supports method family; does not validate custom local costs
vmtkCenterlines,,official software documentation,Surface centerlines and sphere radius,Compute central paths on a vascular surface,Surface models from angiography,Vascular segments,Voronoi weighted paths; radius metric,Centerline; MaximumInscribedSphereRadius,Software method specification,Explicit alternative to voxel thinning,Seed/surface/end conditions matter; no local equivalence demonstrated,neurovasc/geometry/centerline.py; neurovasc/geometry/geodesic_centerline.py,production baselines unchanged; experimental standalone VMTK comparison executed,NV-METHOD-003; NV-METHOD-004; NV-METHOD-012,docs/validation/centerline_validation_v2.md; docs/validation/external_methods_benchmark_v1.md,Accessed 2026-09-28; mutable documentation; not ground truth
antiga2004decomposition,2004,peer-reviewed methodology,Branch decomposition,Define vessel branches objectively,Vascular surface models,Bifurcating vessels,Centerline-based decomposition and mapping,Branch geometry,External method study,Published basis for branch decomposition,Branch definition differs from anatomical labels and local junction clustering,neurovasc/graph/branch_graph.py; neurovasc/graph/junction_refinement.py,production legacy utility; experimental junctions,NV-METHOD-011; NV-METHOD-012,docs/validation/topology_validation_v2.md,No claim of VMTK-equivalent branch grouping
piccinelli2009geometry,2009,peer-reviewed methodology,Vascular geometric analysis,Define comparable geometry measurements,Vascular models,Cerebral aneurysm application,Centerline/branch geometric framework,Branch and vascular geometry,External method study,Framework provides methodological comparator,Aneurysm application does not establish CoW loop or NeuroVasc accuracy,neurovasc/graph/junction_refinement.py; neurovasc/geometry/topology_refinement.py,production baselines unchanged; experimental standalone VMTK comparison executed,NV-METHOD-011; NV-METHOD-012,docs/validation/topology_validation_v2.md; docs/validation/external_methods_benchmark_v1.md,Bibliographic details verified against paper and author publication list
vmtkGeometry,,official software documentation,Bifurcation frames and branch geometry,Choose reproducible junction origins and frames,Vascular surface/centerline models,Tree-like branching vessels,Sphere-area-weighted reference origin; parallel transport,Bifurcation frame; curvature; torsion,Software method specification,Makes junction/frame definitions explicit,Tree-like topology assumed; local weighted voxel centroid is not this method,neurovasc/graph/junction_refinement.py,production baselines unchanged; experimental standalone VMTK comparison executed,NV-METHOD-011; NV-METHOD-012,docs/validation/topology_validation_v2.md; docs/validation/external_methods_benchmark_v1.md,Accessed 2026-09-28; no clinical inference from tutorial
slicerExtract,,official software documentation,Network and centerline extraction,Distinguish network discovery from accurate tree extraction,Segmentation or surface,Vascular models,Network/endpoint workflow; accurate centerline workflow,Radius; length; curvature; torsion; tortuosity,Software capability specification,Provides explicit workflow and loop limitations,Documented circular accurate workflow introduces a cut; this changes topology,neurovasc/geometry/hybrid_centerline.py; neurovasc/graph/metrics.py,experimental hybrid; production analysis utility; future work comparator,NV-METHOD-008; NV-METHOD-012,docs/validation/centerline_validation_v2.md,Accessed 2026-09-28; no inference that all VMTK workflows cannot represent loops
slicerExtractSource,,official software source,Branch extraction and merging,Verify documented software operations,Centerline models,Vascular branches,vtkvmtkCenterlineBranchExtractor; vtkvmtkMergeCenterlines,Grouped centerlines and branch properties,Source inspection,createCurveTreeFromCenterline invokes extraction and merging,Mutable master source; grouping not automatically anatomical identity,neurovasc/graph/branch_graph.py; future comparator adapter,future work comparator,NV-METHOD-012,Standalone VMTK run: docs/validation/external_methods_benchmark_v1.md; Slicer workflow not executed,Accessed 2026-09-28; future benchmark must pin a commit
scipyEDT,,official API documentation,EDT caliber,Measure spacing-aware distance to background,Binary masks,General segmented objects,Euclidean distance transform with sampling,Distance to background voxel centers,Software definition,Supplies exact meaning of production EDT computation,Not a continuous surface distance or guaranteed maximal sphere radius,neurovasc/geometry/caliber.py; neurovasc/geometry/diameter_profile.py,production,NV-METHOD-006,docs/validation/caliber_validation_v1.md; docs/validation/caliber_validation_v2.md,Accessed 2026-09-28; raw and smoothed estimates remain distinct
slicerCrossSection,,official software documentation,Area-derived diameter,Distinguish sphere and area-based caliber,Segmentation/surface and centerline,Vascular lumen sections,Orthogonal cross-sectional analysis,Area; circular-equivalent diameter; MIS diameter versus distance,Software capability specification,External precedent for the alternative estimand,Software availability is not accuracy evidence; geometry/tangent/contour sensitivity,neurovasc/geometry/cross_sectional_caliber.py,experimental,NV-METHOD-007; NV-METHOD-012,docs/validation/caliber_validation_v2.md; 78/8/6 scorable wins/losses/ties,Accessed 2026-09-28; local comparison has 24 upstream-failed pairs
bernaus2025tortuosity,2025,systematic review,Tortuosity terminology,Avoid treating one metric as a universal score,Brain vascular imaging literature,Brain vasculature,Classification of metric families,Distance Metric and other tortuosity measures,External systematic review,Multiple families with different properties; common simple Distance Metric,Review does not validate local clinical thresholds or degenerate handling,neurovasc/graph/branch_graph.py; neurovasc/graph/metrics.py,production analysis utility; future work dedicated validation,NV-METHOD-008,docs/validation/centerline_validation_v2.md; no clinical tortuosity validation,Local L/C zero-chord fallback 1.0 must not be interpreted anatomically
samuels2000stenosis,2000,peer-reviewed clinical measurement study,Stenosis terminology,Specify anatomical normal reference for stenosis measurement,Intracranial angiography,Major intracranial arteries,Diameter ratio with normal reference location protocol,Percent stenosis,External observer agreement study,Reference selection is part of method,Not equivalent to within-profile percentile reference; no transfer to NeuroVasc,neurovasc/geometry/profile_analysis.py; neurovasc/report/case_report.py,production candidate reduction; clinical interpretation unsupported,NV-METHOD-009,Synthetic caliber studies only; no stenosis validation,PMID verified; DOI not verified and omitted
cosottini2024tof,2024,peer-reviewed imaging study,Spatial resolution,Depict small intracranial vessels,TOF-MRA at 7 T with comparisons,Intracranial vessels,High-resolution acquisition,Vessel depiction,External small imaging study,Resolution and acquisition tradeoffs matter,Small cohort; no universal segmentation-caliber error bound,scripts/analyze_case.py; measurement provenance,production spacing; future work richer provenance,NV-METHOD-010,docs/validation/caliber_validation_v1.md; binary grids omit imaging physics,Do not identify reconstructed spacing with effective resolution
lakhani2023tof,2023,peer-reviewed imaging application,Spatial resolution and small-vessel depiction,Acquire high-resolution small-vessel images,Compressed-sensing TOF-MRA at 7 T,Intracranial small vessels,Ultra-high resolution imaging application,Small-vessel depiction,External clinical imaging examples,Demonstrates relevant resolution/acquisition context,Illustrative clinical application is not NeuroVasc measurement validation,scripts/analyze_case.py; measurement provenance,production spacing; future work acquisition metadata,NV-METHOD-010,docs/validation/caliber_validation_v2.md; no image-formation experiment,Issue 2023; online 2022; imaging evidence not clinical software evidence
bertrand1994simple,1994,peer-reviewed methodology,Digital topology,Characterize removable points under digital adjacency,Binary 3D images,General objects,Local simple-point characterization,Topology under deletion,Mathematical methodology,Provides external basis for simple-point reasoning,Does not prove implementation correctness or anatomical connectivity,neurovasc/geometry/topology_centerline.py,experimental,NV-METHOD-005,docs/validation/topology_validation_v1.md; docs/validation/topology_validation_v2.md,Local 6/26 adjacency and implementation must be validated separately
